{
  "data": [
    {
      "responsive_id": null,
      "merchant_id": 4477,
      "merchant_name": "Roxy Floodgate",
      "user_name": 3428,
      "issued_date": "12/13/2019",
      "balance": "$724",
      "merchant_status": "Paid",
      "due_date": "04/23/2019"
    },
    {
      "responsive_id": null,
      "merchant_id": 5020,
      "merchant_name": "Roy Southerell",
      "user_name": 5219,
      "issued_date": "07/17/2019",
      "balance": 0,
      "merchant_status": "Downloaded",
      "due_date": "12/15/2019"
    },
    {
      "responsive_id": null,
      "merchant_id": 4477,
      "merchant_name": "Roxy Floodgate",
      "user_name": 3428,
      "issued_date": "12/13/2019",
      "balance": "$724",
      "merchant_status": "Paid",
      "due_date": "04/23/2019"
    },
    {
      "responsive_id": null,
      "merchant_id": 5020,
      "merchant_name": "Roy Southerell",
      "user_name": 5219,
      "issued_date": "07/17/2019",
      "balance": 0,
      "merchant_status": "Downloaded",
      "due_date": "12/15/2019"
    },{
      "responsive_id": null,
      "merchant_id": 4477,
      "merchant_name": "Roxy Floodgate",
      "user_name": 3428,
      "issued_date": "12/13/2019",
      "balance": "$724",
      "merchant_status": "Paid",
      "due_date": "04/23/2019"
    },
    {
      "responsive_id": null,
      "merchant_id": 5020,
      "merchant_name": "Roy Southerell",
      "user_name": 5219,
      "issued_date": "07/17/2019",
      "balance": 0,
      "merchant_status": "Downloaded",
      "due_date": "12/15/2019"
    },
    {
      "responsive_id": null,
      "merchant_id": 4477,
      "merchant_name": "Roxy Floodgate",
      "user_name": 3428,
      "issued_date": "12/13/2019",
      "balance": "$724",
      "merchant_status": "Paid",
      "due_date": "04/23/2019"
    },
    {
      "responsive_id": null,
      "merchant_id": 5020,
      "merchant_name": "Roy Southerell",
      "user_name": 5219,
      "issued_date": "07/17/2019",
      "balance": 0,
      "merchant_status": "Downloaded",
      "due_date": "12/15/2019"
    },
    {
      "responsive_id": null,
      "merchant_id": 4477,
      "merchant_name": "Roxy Floodgate",
      "user_name": 3428,
      "issued_date": "12/13/2019",
      "balance": "$724",
      "merchant_status": "Paid",
      "due_date": "04/23/2019"
    },
    {
      "responsive_id": null,
      "merchant_id": 5020,
      "merchant_name": "Roy Southerell",
      "user_name": 5219,
      "issued_date": "07/17/2019",
      "balance": 0,
      "merchant_status": "Downloaded",
      "due_date": "12/15/2019"
    }
  ]
}
